THEID,EMAIL,USERNAME,PHONENUMBER,PASS,ADDRESSID
1,kiki@gmail.com,kiki,77029876015,kiki1234,1
2,karakat@gmail.com,karakat,77476671865,karakat1234,1
3,chingiz@gmail.com,chingiz,77070884818,chingiz1234,1
4,bebra@gmail.com,bebra,77079625664,bebra1234,1
5,kamshat@gmail.com,kamshat,77638561167,kamshat1234,1
6,meraki@gmail.com,meraki,77008431133,meraki1234,1
7,madina@gmail.com,madina,77600155489,madina1234,1
8,ayaulym@gmail.com,ayaulym,77473880461,ayaulym1234,1
9,aiqyn@gmail.com,aiqyn,77069818370,aiqyn1234,1
10,bobik@gmail.com,bobik,77024572925,bobik1234,1
11,zhizhik@gmail.com,zhizhik,77059776298,zhizhik1234,1
12,killua@gmail.com,killua,77474530961,killua1234,1
13,emailuser@gmail.com,emailuser,77852997548,emailuser1234,1
14,teacheruser@gmail.com,teacheruser,77778732500,teacheruser1234,1
15,merakiki@gmail.com,merakiki,77024388735,merakiki1234,1
16,210103432@gmail.com,sdudentuser,77472449942,sdudentuser1234,19
17,anastasiya@gmail.com,anastasiya,77753855180,anastasiya1234,19
18,sergey@gmail.com,sergey,77475659616,sergey1234,20
19,belgibayeva@gmail.com,belgibayeva,77479214667,belgibayeva1234,1
20,fullproject@gmail.com,fullproject,77854646383,full1234,1
21,iphoneuser@gmail.com,iphoneuser,77052638278,iphoneuser1234,1
22,mestogdenabelorusgotovilosnapadeniye@gmail.com,mariya,77476872890,mariya1234,1
23,lukpanova@gmail.com,sabina,77856385643,lukpanova1234,1
24,richy@gmail.com,richy,77859138365,richy1234,1
25,kotangens@gmail.com,kotangens,77473464171,kotangens1234,8
26,milashka@gmail.com,milashka,77472354376,milashka1234,9
27,bulochka@gmail.com,bulochka,77087890973,bulochka1234,9
28,myshka@gmail.com,myshka,77478336646,myshka1234,8
29,megatop@gmail.com,megatop,77472771420,megatop1234,10
30,gigachad@gmail.com,gigachad,77000296208,gigachad1234,11
31,gipersuper@gmail.com,gipersuper,77763125554,gipersuper1234,11
32,bubakiki@gmail.com,bubakiki,77014295629,bubakiki1234,12
33,kikibuba@gmail.com,kikibuba,77770949853,kikibuba1234,10
34,sduadmin@gmail.com,sduadmin,77762902702,sduadmin1234,12
35,lalala@gmail.com,lalala,77089124125,lalala1234,12
36,hochuhachapuri@gmail.com,hochuhachapuri,77477358654,hochuhachapuri1234,13
37,pizzalover@gmail.com,pizzalover,77612883804,pizzalover1234,13
38,philadelphia@gmail.com,philadelphia,77026976785,philadelphia1234,13
39,cinnamonrolls@gmail.com,cinnamonroll,77084148078,cinnamonroll1234,13
40,cupcake@gmail.com,cupcake,77058416269,cupcake1234,13
41,ilana03@gmail.com,ilana,77713265911,ilana031234,3
42,hiqaraqat@gmail.com,hiqaraqat,77856155904,hiqaraqat1234,3
43,amina02@gmail.com,amina02,77024587330,amina021234,3
44,aruzhan03@gmail.com,aruzhan03,77056968377,aruzhan031234,3
45,aizat@gmail.com,aizat,77063803337,aizat1234,3
46,slamdunk@gmail.com,slamdunk,77474576502,slamdunk1234,3
47,tima@gmail.com,tima,77715800202,tima1234,3
48,aizhan@gmail.com,aizhan,77643544155,aizhan1234,14
49,fusetea@gmail.com,fusetea,77472257545,fusetea1234,14
50,sdustore@gmail.com,sdustore,77630779230,sdustore1234,14
51,enginner@gmail.com,enginner,77013962251,enginner1234,14
52,icebear@gmail.com,icebear,77854122917,icebear1234,14
53,grizzly@gmail.com,grizzly,77061233886,grizzly1234,15
54,panpan@gmail.com,panpan,77624565533,panpan1234,15
55,bokuto@gmail.com,bokuto,77010811260,bokuto1234,3
56,dias@gmail.com,dias,77022330397,dias1234,3
57,somi@gmail.com,somi,77649427472,somi1234,3
58,yumi@gmail.com,yumi,77477476462,yumi1234,3
59,gigi@gmail.com,gigi,77760831189,gigi1234,3
60,selena@gmail.com,selena,77059758456,selena1234,4
61,nicki@gmail.com,nicki,77073168347,nicki1234,4
62,aya@gmail.com,aya,77476799289,aya1234,4
63,valli@gmail.com,valli,77471290447,valli1234,4
64,porsche@gmail.com,porsche,77083017837,porsche1234,15
65,pororo@gmail.com,pororo,77083017837,pororo1234,15
66,gulsara@gmail.com,gulsara,77075740246,gulsara1234,15
67,aigerim@gmail.com,aigerim,77476464994,aigerim1234,15
68,berik@gmail.com,berik,77612651027,berik1234,16
69,liam@gmail.com,liam,77472008218,liam1234,16
70,joji@gmail.com,joji,77475432774,joji1234,16
71,keulen@gmail.com,keulen,77078901986,keulen1234,17
72,gulzat@gmail.com,gulzat,77856279093,gulzat1234,17
73,banana@gmail.com,banana,77476575078,banana1234,17
74,pineapple@gmail.com,pineapple,77479012186,pineapple1234,18
75,loona@gmail.com,loona,77018104820,loona1234,5
76,hasbik@gmail.com,hasbik,77478714935,hasbik1234,5
77,momo@gmail.com,momo,77646888445,momo1234,5
78,jihyo@gmail.com,jihyo,77638065500,jihyo1234,5
79,chaeyoung@gmail.com,chaeyoung,77474951669,chaeyoung1234,5
80,minari@gmail.com,minari,77053858969,minari1234,5
81,jennie@gmail.com,jennie,77020173036,jennie1234,6
82,jisoo@gmail.com,jisoo,77054778527,jisoo1234,6
83,lisagmail.com,lisa,77472755395,lisa1234,6
84,rose@gmail.com,rose,77613843018,rose1234,6
85,lili@gmail.com,lili,77029932641,lili1234,6
86,diana@gmail.com,diana,77069324983,diana1234,6
87,aruch@gmail.com,aruch,77479149804,aruch1234,6
88,ainur@gmail.com,ainur,77069583497,ainur1234,6
89,gulnaz@gmail.com,gulnaz,77602523255,gulnaz1234,6
90,alex@gmail.com,alex,77029988365,alex1234,6
91,merei@gmail.com,merei,77024009924,merei1234,7
92,yorakos@gmail.com,yorakos,77785791685,yorakos1234,7
93,haruka@gmail.com,haruka,77079480934,haruka1234,7
94,sakura@gmail.com,sakura,77023429357,sakura1234,7
95,ollin@gmail.com,ollin,77717451393,ollin1234,7
96,kana@gmail.com,kana,77059960103,kana1234,7
97,flannel@gmail.com,flannel,77476740632,flannel1234,7
98,asdfgh@gmail.com,asdfgh,77015144045,asdfgh1234,8
99,qwerty@gmail.com,qwerty,77648467978,qwerty1234,8
100,bota@gmail.com,bota,77059378347,bota1234,8
